PID,B,L,H,Bx,Ly,ReF,MCODE1,MCODE2,MCODE3
1,0,0,0,-0.16,28.73,0,0,0,0
2,0,0,0,-0.17,27.73,0,0,0,0
3,0,0,0,-0.17,26.73,0,0,0,0
4,0,0,0,-0.18,25.73,0,0,0,0
5,0,0,0,-0.19,24.73,0,0,0,0
6,0,0,0,-0.19,23.73,0,0,0,0
7,0,0,0,-0.2,22.73,0,0,0,0
8,0,0,0,-0.21,21.73,0,0,0,0
9,0,0,0,-0.21,20.73,0,0,0,0
10,0,0,0,-0.22,19.73,0,0,0,0
11,0,0,0,-0.23,18.73,0,0,0,0
12,0,0,0,-0.23,17.73,0,0,0,0
13,0,0,0,-0.24,16.73,0,0,0,0
14,0,0,0,-0.24,15.73,0,0,0,0
15,0,0,0,-0.25,14.73,0,0,0,0
16,0,0,0,-0.26,13.73,0,0,0,0
17,0,0,0,-0.26,12.73,0,0,0,0
18,0,0,0,-0.27,11.73,0,0,0,0
19,0,0,0,-0.28,10.73,0,0,0,0
20,0,0,0,-0.35,9.74,0,0,0,0
21,0,0,0,-0.44,8.74,0,0,0,0
22,0,0,0,-0.54,7.75,0,0,0,0
23,0,0,0,-0.68,6.76,0,0,0,0
24,0,0,0,-0.87,5.77,0,0,0,0
25,0,0,0,-1.11,4.8,0,0,0,0
26,0,0,0,-1.44,3.86,0,0,0,0
27,0,0,0,-1.85,2.95,0,0,0,0
28,0,0,0,-2.37,2.09,0,0,0,0
29,0,0,0,-3.01,1.33,0,0,0,0
30,0,0,0,-3.75,0.65,0,0,0,0
31,0,0,0,-4.59,0.11,0,0,0,0
32,0,0,0,-5.49,-0.34,0,0,0,0
33,0,0,0,-6.43,-0.68,0,0,0,0
34,0,0,0,-7.4,-0.93,0,0,0,0
35,0,0,0,-8.38,-1.1,0,0,0,0
36,0,0,0,-9.37,-1.21,0,0,0,0
37,0,0,0,-10.17,-1.26,0,0,0,0
38,0,0,0,-2.76,83.59,0,0,0,0
39,0,0,0,-1.76,83.64,0,0,0,0
40,0,0,0,-0.76,83.62,0,0,0,0
41,0,0,0,0.23,83.51,0,0,0,0
42,0,0,0,1.21,83.29,0,0,0,0
43,0,0,0,2.13,82.91,0,0,0,0
44,0,0,0,2.96,82.35,0,0,0,0
45,0,0,0,3.62,81.6,0,0,0,0
46,0,0,0,4.1,80.72,0,0,0,0
47,0,0,0,4.38,79.76,0,0,0,0
48,0,0,0,4.51,78.76,0,0,0,0
49,0,0,0,4.53,77.76,0,0,0,0
50,0,0,0,4.47,76.77,0,0,0,0
51,0,0,0,4.34,75.77,0,0,0,0
52,0,0,0,4.18,74.79,0,0,0,0
53,0,0,0,3.97,73.81,0,0,0,0
54,0,0,0,3.75,72.83,0,0,0,0
55,0,0,0,3.53,71.86,0,0,0,0
56,0,0,0,3.31,70.88,0,0,0,0
57,0,0,0,3.16,69.89,0,0,0,0
58,0,0,0,3.14,69.62,0,0,0,0
59,0,0,0,3.08,68.62,0,0,0,0
60,0,0,0,3.02,67.62,0,0,0,0
61,0,0,0,2.96,66.62,0,0,0,0
62,0,0,0,2.9,65.63,0,0,0,0
63,0,0,0,2.84,64.63,0,0,0,0
64,0,0,0,2.78,63.63,0,0,0,0
65,0,0,0,2.72,62.63,0,0,0,0
66,0,0,0,2.66,61.63,0,0,0,0
67,0,0,0,2.6,60.64,0,0,0,0
68,0,0,0,2.54,59.64,0,0,0,0
69,0,0,0,2.48,58.64,0,0,0,0
70,0,0,0,2.42,57.64,0,0,0,0
71,0,0,0,2.36,56.64,0,0,0,0
72,0,0,0,2.3,55.64,0,0,0,0
73,0,0,0,2.24,54.65,0,0,0,0
74,0,0,0,2.18,53.65,0,0,0,0
75,0,0,0,2.12,52.65,0,0,0,0
76,0,0,0,2.05,51.65,0,0,0,0
77,0,0,0,1.99,50.65,0,0,0,0
78,0,0,0,1.93,49.66,0,0,0,0
79,0,0,0,1.87,48.66,0,0,0,0
80,0,0,0,1.81,47.66,0,0,0,0
81,0,0,0,1.8,47.39,0,0,0,0
82,0,0,0,1.9,46.39,0,0,0,0
83,0,0,0,2.03,45.4,0,0,0,0
84,0,0,0,2.2,44.42,0,0,0,0
85,0,0,0,2.42,43.44,0,0,0,0
86,0,0,0,2.67,42.48,0,0,0,0
87,0,0,0,2.98,41.52,0,0,0,0
88,0,0,0,3.33,40.59,0,0,0,0
89,0,0,0,3.73,39.67,0,0,0,0
90,0,0,0,4.18,38.78,0,0,0,0
91,0,0,0,4.68,37.91,0,0,0,0
92,0,0,0,5.24,37.08,0,0,0,0
93,0,0,0,5.84,36.29,0,0,0,0
94,0,0,0,6.5,35.53,0,0,0,0
95,0,0,0,7.2,34.82,0,0,0,0
96,0,0,0,7.94,34.15,0,0,0,0
97,0,0,0,8.72,33.52,0,0,0,0
98,0,0,0,9.54,32.95,0,0,0,0
99,0,0,0,10.39,32.41,0,0,0,0
100,0,0,0,11.26,31.92,0,0,0,0
101,0,0,0,12.15,31.48,0,0,0,0
102,0,0,0,13.07,31.07,0,0,0,0
103,0,0,0,14,30.7,0,0,0,0
104,0,0,0,14.94,30.37,0,0,0,0
105,0,0,0,15.89,30.07,0,0,0,0
106,0,0,0,16.86,29.79,0,0,0,0
107,0,0,0,17.82,29.55,0,0,0,0
108,0,0,0,18.8,29.32,0,0,0,0
109,0,0,0,19.78,29.12,0,0,0,0
110,0,0,0,20.76,28.94,0,0,0,0
111,0,0,0,21.75,28.77,0,0,0,0
112,0,0,0,22.73,28.6,0,0,0,0
113,0,0,0,23.72,28.45,0,0,0,0
114,0,0,0,24.71,28.3,0,0,0,0
115,0,0,0,25.7,28.15,0,0,0,0
116,0,0,0,26.22,28.06,0,0,0,0
117,0,0,0,27.22,28.01,0,0,0,0
118,0,0,0,28.22,27.96,0,0,0,0
119,0,0,0,29.22,27.91,0,0,0,0
120,0,0,0,30.21,27.86,0,0,0,0
121,0,0,0,31.21,27.81,0,0,0,0
122,0,0,0,32.21,27.76,0,0,0,0
123,0,0,0,33.21,27.71,0,0,0,0
124,0,0,0,34.21,27.66,0,0,0,0
125,0,0,0,35.21,27.61,0,0,0,0
126,0,0,0,36.21,27.56,0,0,0,0
127,0,0,0,37.21,27.52,0,0,0,0
128,0,0,0,38.2,27.47,0,0,0,0
129,0,0,0,39.2,27.42,0,0,0,0
130,0,0,0,40.2,27.37,0,0,0,0
131,0,0,0,41.2,27.32,0,0,0,0
132,0,0,0,42.2,27.27,0,0,0,0
133,0,0,0,43.2,27.22,0,0,0,0
134,0,0,0,44.2,27.17,0,0,0,0
135,0,0,0,45.11,27.12,0,0,0,0
136,0,0,0,46.11,27.09,0,0,0,0
137,0,0,0,47.1,26.98,0,0,0,0
138,0,0,0,48.08,26.78,0,0,0,0
139,0,0,0,49.04,26.49,0,0,0,0
140,0,0,0,49.96,26.1,0,0,0,0
141,0,0,0,50.84,25.62,0,0,0,0
142,0,0,0,51.64,25.03,0,0,0,0
143,0,0,0,52.37,24.34,0,0,0,0
144,0,0,0,53,23.57,0,0,0,0
145,0,0,0,53.52,22.71,0,0,0,0
146,0,0,0,53.93,21.8,0,0,0,0
147,0,0,0,54.23,20.85,0,0,0,0
148,0,0,0,54.44,19.87,0,0,0,0
149,0,0,0,54.55,18.87,0,0,0,0
150,0,0,0,54.58,17.87,0,0,0,0
151,0,0,0,54.55,16.88,0,0,0,0
152,0,0,0,54.52,16.53,0,0,0,0
153,0,0,0,1.8,47.39,0,0,0,0
154,0,0,0,1.69,46.4,0,0,0,0
155,0,0,0,1.59,45.4,0,0,0,0
156,0,0,0,1.48,44.41,0,0,0,0
157,0,0,0,1.38,43.41,0,0,0,0
158,0,0,0,1.28,42.42,0,0,0,0
159,0,0,0,1.17,41.42,0,0,0,0
160,0,0,0,1.07,40.43,0,0,0,0
161,0,0,0,0.96,39.43,0,0,0,0
162,0,0,0,0.86,38.44,0,0,0,0
163,0,0,0,0.75,37.44,0,0,0,0
164,0,0,0,0.65,36.45,0,0,0,0
165,0,0,0,0.44,34.46,0,0,0,0
166,0,0,0,0.34,33.47,0,0,0,0
167,0,0,0,0.23,32.47,0,0,0,0
168,0,0,0,0.13,31.48,0,0,0,0
169,0,0,0,0.02,30.48,0,0,0,0
170,0,0,0,-0.08,29.49,0,0,0,0
171,0,0,0,-0.16,28.73,0,0,0,0
172,0,0,0,54.52,16.53,0,0,0,0
173,0,0,0,54.51,15.53,0,0,0,0
174,0,0,0,54.49,14.53,0,0,0,0
175,0,0,0,54.48,13.53,0,0,0,0
176,0,0,0,54.46,12.53,0,0,0,0
177,0,0,0,54.44,11.53,0,0,0,0
178,0,0,0,54.43,10.53,0,0,0,0
179,0,0,0,54.41,9.53,0,0,0,0
180,0,0,0,54.4,8.53,0,0,0,0
181,0,0,0,54.38,7.53,0,0,0,0
182,0,0,0,54.37,6.53,0,0,0,0
183,0,0,0,54.35,5.53,0,0,0,0
184,0,0,0.03,54.31,4.53,0,0,0,0
185,0,0,0.07,54.2,3.54,0,0,0,0
186,0,0,0.12,54,2.56,0,0,0,0
187,0,0,0.17,53.71,1.6,0,0,0,0
188,0,0,0.22,53.32,0.68,0,0,0,0
189,0,0,0.28,52.83,-0.19,0,0,0,0
190,0,0,0.34,52.24,-0.99,0,0,0,0
191,0,0,0.4,51.55,-1.71,0,0,0,0
192,0,0,0.46,50.77,-2.33,0,0,0,0
193,0,0,0.51,49.91,-2.85,0,0,0,0
194,0,0,0.56,49,-3.25,0,0,0,0
195,0,0,0.61,48.04,-3.54,0,0,0,0
196,0,0,0.62,47.78,-3.6,0,0,0,0
197,0,0,0.25,46.88,-3.83,0,0,0,0
198,0,0,0.04,45.91,-3.93,0,0,0,0
199,0,0,0.62,47.78,-3.6,0,0,0,0
200,0,0,0,44.77,-3.91,0,0,0,0
201,0,0,0,43.77,-3.86,0,0,0,0
202,0,0,0,42.77,-3.81,0,0,0,0
203,0,0,0,41.77,-3.76,0,0,0,0
204,0,0,0,40.77,-3.71,0,0,0,0
205,0,0,0,39.77,-3.67,0,0,0,0
206,0,0,0,38.77,-3.62,0,0,0,0
207,0,0,0,37.77,-3.57,0,0,0,0
208,0,0,0,36.78,-3.52,0,0,0,0
209,0,0,0,35.78,-3.47,0,0,0,0
210,0,0,0,34.78,-3.42,0,0,0,0
211,0,0,0,33.78,-3.38,0,0,0,0
212,0,0,0,32.78,-3.33,0,0,0,0
213,0,0,0,31.78,-3.28,0,0,0,0
214,0,0,0,30.78,-3.23,0,0,0,0
215,0,0,0,29.78,-3.18,0,0,0,0
216,0,0,0,28.78,-3.14,0,0,0,0
217,0,0,0,27.79,-3.09,0,0,0,0
218,0,0,0,26.79,-3.04,0,0,0,0
219,0,0,0,25.79,-2.99,0,0,0,0
220,0,0,0,24.79,-2.94,0,0,0,0
221,0,0,0,23.79,-2.9,0,0,0,0
222,0,0,0,22.79,-2.85,0,0,0,0
223,0,0,0,21.79,-2.8,0,0,0,0
224,0,0,0,20.79,-2.75,0,0,0,0
225,0,0,0,19.8,-2.7,0,0,0,0
226,0,0,0,18.8,-2.66,0,0,0,0
227,0,0,0,17.8,-2.61,0,0,0,0
228,0,0,0,16.8,-2.56,0,0,0,0
229,0,0,0,15.8,-2.51,0,0,0,0
230,0,0,0,14.8,-2.46,0,0,0,0
231,0,0,0,13.8,-2.41,0,0,0,0
232,0,0,0,12.8,-2.37,0,0,0,0
233,0,0,0,11.8,-2.32,0,0,0,0
234,0,0,0,10.81,-2.27,0,0,0,0
235,0,0,0,9.81,-2.22,0,0,0,0
236,0,0,0,8.81,-2.17,0,0,0,0
237,0,0,0,7.81,-2.13,0,0,0,0
238,0,0,0,6.81,-2.08,0,0,0,0
239,0,0,0,5.81,-2.03,0,0,0,0
240,0,0,0,4.81,-1.98,0,0,0,0
241,0,0,0,3.81,-1.93,0,0,0,0
242,0,0,0,2.81,-1.89,0,0,0,0
243,0,0,0,1.82,-1.84,0,0,0,0
244,0,0,0,0.82,-1.79,0,0,0,0
245,0,0,0,-0.18,-1.74,0,0,0,0
246,0,0,0,-1.18,-1.69,0,0,0,0
247,0,0,0,-2.18,-1.65,0,0,0,0
248,0,0,0,-3.18,-1.6,0,0,0,0
249,0,0,0,-4.18,-1.55,0,0,0,0
250,0,0,0,-5.18,-1.5,0,0,0,0
251,0,0,0,-6.17,-1.45,0,0,0,0
252,0,0,0,-7.17,-1.41,0,0,0,0
253,0,0,0,-8.17,-1.36,0,0,0,0
254,0,0,0,-9.17,-1.31,0,0,0,0
255,0,0,0,-10.17,-1.26,0,0,0,0
256,0,0,0,-11.17,-1.21,0,0,0,0
257,0,0,0,-12.17,-1.16,0,0,0,0
258,0,0,0,-13.17,-1.12,0,0,0,0
259,0,0,0,-14.17,-1.07,0,0,0,0
260,0,0,0,-15.16,-1.02,0,0,0,0
261,0,0,0,-16.16,-0.97,0,0,0,0
262,0,0,0,-17.16,-0.92,0,0,0,0
263,0,0,0,-18.16,-0.88,0,0,0,0
264,0,0,0,-19.16,-0.83,0,0,0,0
265,0,0,0,-20.16,-0.78,0,0,0,0
266,0,0,0,-21.16,-0.73,0,0,0,0
267,0,0,0,-22.16,-0.68,0,0,0,0
268,0,0,0,-23.16,-0.64,0,0,0,0
269,0,0,0,-24.15,-0.59,0,0,0,0
270,0,0,0,-25.15,-0.54,0,0,0,0
271,0,0,0,-26.15,-0.49,0,0,0,0
272,0,0,0,-27.15,-0.44,0,0,0,0
273,0,0,0,-28.15,-0.4,0,0,0,0
274,0,0,0,-29.15,-0.35,0,0,0,0
275,0,0,0,-30.15,-0.3,0,0,0,0
276,0,0,0,-31.15,-0.25,0,0,0,0
277,0,0,0,-32.14,-0.2,0,0,0,0
278,0,0,0,-32.36,-0.19,0,0,0,0
279,0,0,0,-33.36,-0.16,0,0,0,0
280,0,0,0,-34.36,-0.1,0,0,0,0
281,0,0,0,-35.36,0,0,0,0,0
282,0,0,0,-36.36,-0.05,0,0,0,0
283,0,0,0,-37.36,-0.06,0,0,0,0
284,0,0,0,-38.36,-0.03,0,0,0,0
285,0,0,0,-39.35,0.06,0,0,0,0
286,0,0,0,-40.34,0.21,0,0,0,0
287,0,0,0,-41.32,0.42,0,0,0,0
288,0,0,0,-42.28,0.71,0,0,0,0
289,0,0,0,-43.21,1.07,0,0,0,0
290,0,0,0,-44.1,1.52,0,0,0,0
291,0,0,0,-44.95,2.05,0,0,0,0
292,0,0,0,-45.73,2.67,0,0,0,0
293,0,0,0,-46.44,3.37,0,0,0,0
294,0,0,0,-47.07,4.15,0,0,0,0
295,0,0,0,-47.61,4.99,0,0,0,0
296,0,0,0,-48.06,5.89,0,0,0,0
297,0,0,0,-48.41,6.82,0,0,0,0
298,0,0,0,-48.69,7.78,0,0,0,0
299,0,0,0,-48.87,8.77,0,0,0,0
300,0,0,0,-48.98,9.76,0,0,0,0
301,0,0,0,-49.02,10.76,0,0,0,0
302,0,0,0,-48.99,11.76,0,0,0,0
303,0,0,0,-48.89,12.76,0,0,0,0
304,0,0,0,-48.75,13.74,0,0,0,0
305,0,0,0,-48.54,14.72,0,0,0,0
306,0,0,0,-48.29,15.69,0,0,0,0
307,0,0,0,-47.98,16.64,0,0,0,0
308,0,0,0,-47.63,17.58,0,0,0,0
309,0,0,0,-47.24,18.5,0,0,0,0
310,0,0,0,-47.12,18.74,0,0,0,0
311,0,0,0,-46.78,19.68,0,0,0,0
312,0,0,0,-46.43,20.62,0,0,0,0
313,0,0,0,-46.09,21.56,0,0,0,0
314,0,0,0,-45.74,22.49,0,0,0,0
315,0,0,0,-45.4,23.43,0,0,0,0
316,0,0,0,-45.05,24.37,0,0,0,0
317,0,0,0,-44.71,25.31,0,0,0,0
318,0,0,0,-44.36,26.25,0,0,0,0
319,0,0,0,-44.02,27.19,0,0,0,0
320,0,0,0,-43.67,28.12,0,0,0,0
321,0,0,0,-43.33,29.06,0,0,0,0
322,0,0,0,-42.98,30,0,0,0,0
323,0,0,0,-42.64,30.94,0,0,0,0
324,0,0,0,-42.29,31.88,0,0,0,0
325,0,0,0,-41.95,32.82,0,0,0,0
326,0,0,0,-41.6,33.76,0,0,0,0
327,0,0,0,-41.26,34.69,0,0,0,0
328,0,0,0,-40.91,35.63,0,0,0,0
329,0,0,0,-40.57,36.57,0,0,0,0
330,0,0,0,-40.22,37.51,0,0,0,0
331,0,0,0,-39.88,38.45,0,0,0,0
332,0,0,0,-39.53,39.39,0,0,0,0
333,0,0,0,-39.19,40.33,0,0,0,0
334,0,0,0,-38.84,41.26,0,0,0,0
335,0,0,0,-38.5,42.2,0,0,0,0
336,0,0,0,-38.15,43.14,0,0,0,0
337,0,0,0,-37.8,44.08,0,0,0,0
338,0,0,0,-37.46,45.02,0,0,0,0
339,0,0,0,-37.11,45.96,0,0,0,0
340,0,0,0,-36.77,46.9,0,0,0,0
341,0,0,0,-36.42,47.83,0,0,0,0
342,0,0,0,-36.08,48.77,0,0,0,0
343,0,0,0,-35.73,49.71,0,0,0,0
344,0,0,0,-35.39,50.65,0,0,0,0
345,0,0,0,-35.04,51.59,0,0,0,0
346,0,0,0,-34.7,52.53,0,0,0,0
347,0,0,0,-34.35,53.47,0,0,0,0
348,0,0,0,-34.01,54.4,0,0,0,0
349,0,0,0,-33.66,55.34,0,0,0,0
350,0,0,0,-33.32,56.28,0,0,0,0
351,0,0,0,-32.97,57.22,0,0,0,0
352,0,0,0,-32.63,58.16,0,0,0,0
353,0,0,0,-32.28,59.1,0,0,0,0
354,0,0,0,-31.94,60.04,0,0,0,0
355,0,0,0,-31.59,60.97,0,0,0,0
356,0,0,0,-31.25,61.91,0,0,0,0
357,0,0,0,-30.9,62.85,0,0,0,0
358,0,0,0,-30.56,63.79,0,0,0,0
359,0,0,0,-30.21,64.73,0,0,0,0
360,0,0,0,-29.87,65.67,0,0,0,0
361,0,0,0,-29.52,66.6,0,0,0,0
362,0,0,0,-29.18,67.54,0,0,0,0
363,0,0,0,-28.83,68.48,0,0,0,0
364,0,0,0,-28.49,69.42,0,0,0,0
365,0,0,0,-28.14,70.36,0,0,0,0
366,0,0,0,-27.79,71.3,0,0,0,0
367,0,0,0,-27.45,72.24,0,0,0,0
368,0,0,0,-27.1,73.17,0,0,0,0
369,0,0,0,-26.76,74.11,0,0,0,0
370,0,0,0,-26.73,74.19,0,0,0,0
371,0,0,0,-26.44,75.15,0,0,0,0
372,0,0,0,-26.13,76.1,0,0,0,0
373,0,0,0,-25.81,77.05,0,0,0,0
374,0,0,0,-25.47,77.99,0,0,0,0
375,0,0,0,-25.09,78.92,0,0,0,0
376,0,0,0,-24.68,79.83,0,0,0,0
377,0,0,0,-24.2,80.7,0,0,0,0
378,0,0,0,-23.65,81.54,0,0,0,0
379,0,0,0,-23.01,82.31,0,0,0,0
380,0,0,0,-22.26,82.97,0,0,0,0
381,0,0,0,-21.41,83.5,0,0,0,0
382,0,0,0,-20.49,83.88,0,0,0,0
383,0,0,0,-19.51,84.11,0,0,0,0
384,0,0,0,-18.52,84.22,0,0,0,0
385,0,0,0,-17.52,84.24,0,0,0,0
386,0,0,0,-16.52,84.19,0,0,0,0
387,0,0,0,-16.04,84.14,0,0,0,0
388,0,0,0,-15.63,84.11,0,0,0,0
389,0,0,0,-14.63,84.07,0,0,0,0
390,0,0,0,-13.63,84.03,0,0,0,0
391,0,0,0,-12.63,83.99,0,0,0,0
392,0,0,0,-11.63,83.95,0,0,0,0
393,0,0,0,-10.64,83.91,0,0,0,0
394,0,0,0,-9.64,83.87,0,0,0,0
395,0,0,0,-8.64,83.83,0,0,0,0
396,0,0,0,-7.64,83.78,0,0,0,0
397,0,0,0,-6.64,83.74,0,0,0,0
398,0,0,0,-5.64,83.7,0,0,0,0
399,0,0,0,-4.64,83.66,0,0,0,0
400,0,0,0,-3.64,83.62,0,0,0,0
401,0,0,0,-2.76,83.59,0,0,0,0
402,0,0,2,-2.35,29.19,0,0,0,0
403,0,0,1.5,-2.4,29.26,0,0,0,0
404,0,0,0,-1.62,46.74,0,0,0,0
405,0,0,0,6.31,46.37,0,0,0,0
406,0,0,0,-46.46,14.61,0,0,0,0
407,0,0,0,-46.68,13.63,0,0,0,0
408,0,0,0,-46.65,12.63,0,0,0,0
409,0,0,0,-46.56,11.63,0,0,0,0
410,0,0,0,-46.42,10.65,0,0,0,0
411,0,0,0,-46.21,9.67,0,0,0,0
412,0,0,0,-45.93,8.71,0,0,0,0
413,0,0,0,-45.58,7.77,0,0,0,0
414,0,0,0,-45.16,6.86,0,0,0,0
415,0,0,0,-44.66,6,0,0,0,0
416,0,0,0,-44.08,5.18,0,0,0,0
417,0,0,0,-43.43,4.43,0,0,0,0
418,0,0,0,-42.7,3.74,0,0,0,0
419,0,0,0,-41.91,3.13,0,0,0,0
420,0,0,0,-41.06,2.6,0,0,0,0
421,0,0,0,-40.16,2.16,0,0,0,0
422,0,0,0,-39.23,1.8,0,0,0,0
423,0,0,0,-38.59,1.6,0,0,0,0
424,0,0,0,-10.96,0.7,0,0,0,0
425,0,0,0,-9.97,0.84,0,0,0,0
426,0,0,0,-9,1.08,0,0,0,0
427,0,0,0,-8.06,1.42,0,0,0,0
428,0,0,0,-7.18,1.9,0,0,0,0
429,0,0,0,-6.37,2.48,0,0,0,0
430,0,0,0,-5.64,3.17,0,0,0,0
431,0,0,0,-5.01,3.95,0,0,0,0
432,0,0,0,-4.47,4.79,0,0,0,0
433,0,0,0,-4.28,5.53,0,0,0,0
434,0,0,0,-1.9,40.89,0,0,0,0
435,0,0,0,-0.2,76.72,0,0,0,0
436,0,0,0,-0.27,77.72,0,0,0,0
437,0,0,0,-0.56,78.67,0,0,0,0
438,0,0,0,-1.11,79.51,0,0,0,0
439,0,0,0,-1.86,80.17,0,0,0,0
440,0,0,0,-2.76,80.61,0,0,0,0
441,0,0,0,-3.34,80.76,0,0,0,0
442,0,0,0,-16.88,81.17,0,0,0,0
443,0,0,0,-17.88,81.18,0,0,0,0
444,0,0,0,-18.88,81.17,0,0,0,0
445,0,0,0,-19.86,80.95,0,0,0,0
446,0,0,0,-20.71,80.43,0,0,0,0
447,0,0,0,-21.41,79.72,0,0,0,0
448,0,0,0,-21.96,78.88,0,0,0,0
449,0,0,0,-22.37,77.97,0,0,0,0
450,0,0,0,-22.68,77.15,0,0,0,0
451,0,0,0,-46.41,14.59,0,0,0,0
452,0,0,0,7.07,74.1,0,0,0,0
453,0,0,0,7.06,75.1,0,0,0,0
454,0,0,0,7.11,76.1,0,0,0,0
455,0,0,0,7.17,77.1,0,0,0,0
456,0,0,0,7.21,78.09,0,0,0,0
457,0,0,0,7.2,79.09,0,0,0,0
458,0,0,0,7.12,80.09,0,0,0,0
459,0,0,0,6.95,81.08,0,0,0,0
460,0,0,0,6.66,82.03,0,0,0,0
461,0,0,0,6.25,82.94,0,0,0,0
462,0,0,0,5.7,83.78,0,0,0,0
463,0,0,0,5.04,84.53,0,0,0,0
464,0,0,0,4.29,85.19,0,0,0,0
465,0,0,0,3.46,85.75,0,0,0,0
466,0,0,0,2.58,86.23,0,0,0,0
467,0,0,0,2.26,86.39,0,0,0,0
468,0,0,0,-22.01,86.91,0,0,0,0
469,0,0,0,-22.99,86.72,0,0,0,0
470,0,0,0,-23.94,86.41,0,0,0,0
471,0,0,0,-24.84,85.98,0,0,0,0
472,0,0,0,-25.67,85.42,0,0,0,0
473,0,0,0,-26.42,84.76,0,0,0,0
474,0,0,0,-27.07,84,0,0,0,0
475,0,0,0,-27.62,83.16,0,0,0,0
476,0,0,0,-28.06,82.26,0,0,0,0
477,0,0,0,-28.4,81.33,0,0,0,0
478,0,0,0,-28.52,80.94,0,0,0,0
479,0,0,0,-52.74,15.27,0,0,0,0
480,0,0,0,57.97,26.21,0,0,0,0
481,0,0,0,57.76,27.19,0,0,0,0
482,0,0,0,57.38,28.12,0,0,0,0
483,0,0,0,56.77,28.91,0,0,0,0
484,0,0,0,55.98,29.52,0,0,0,0
485,0,0,0,55.06,29.92,0,0,0,0
486,0,0,0,54.09,30.16,0,0,0,0
487,0,0,0,53.1,30.28,0,0,0,0
488,0,0,0,52.1,30.32,0,0,0,0
489,0,0,0,51.1,30.29,0,0,0,0
490,0,0,0,50.1,30.23,0,0,0,0
491,0,0,0,49.11,30.15,0,0,0,0
492,0,0,0,48.11,30.06,0,0,0,0
493,0,0,0,47.11,29.99,0,0,0,0
494,0,0,0,46.29,29.96,0,0,0,0
495,0,0,0,29.8,30.88,0,0,0,0
496,0,0,0,28.8,30.96,0,0,0,0
497,0,0,0,27.81,31.06,0,0,0,0
498,0,0,0,26.82,31.17,0,0,0,0
499,0,0,0,25.82,31.31,0,0,0,0
500,0,0,0,24.84,31.46,0,0,0,0
501,0,0,0,23.85,31.63,0,0,0,0
502,0,0,0,22.87,31.82,0,0,0,0
503,0,0,0,21.89,32.03,0,0,0,0
504,0,0,0,20.92,32.27,0,0,0,0
505,0,0,0,19.96,32.54,0,0,0,0
506,0,0,0,19,32.83,0,0,0,0
507,0,0,0,18.05,33.15,0,0,0,0
508,0,0,0,17.12,33.5,0,0,0,0
509,0,0,0,16.19,33.88,0,0,0,0
510,0,0,0,15.29,34.3,0,0,0,0
511,0,0,0,14.4,34.76,0,0,0,0
512,0,0,0,13.53,35.26,0,0,0,0
513,0,0,0,12.68,35.79,0,0,0,0
514,0,0,0,11.87,36.37,0,0,0,0
515,0,0,0,11.09,37,0,0,0,0
516,0,0,0,10.34,37.67,0,0,0,0
517,0,0,0,9.65,38.38,0,0,0,0
518,0,0,0,9,39.14,0,0,0,0
519,0,0,0,8.4,39.95,0,0,0,0
520,0,0,0,7.87,40.79,0,0,0,0
521,0,0,0,7.4,41.68,0,0,0,0
522,0,0,0,7,42.59,0,0,0,0
523,0,0,0,6.68,43.54,0,0,0,0
524,0,0,0,6.43,44.51,0,0,0,0
525,0,0,0,6.26,45.49,0,0,0,0
526,0,0,0,6.16,46.49,0,0,0,0
527,0,0,0,6.16,47.49,0,0,0,0
528,0,0,0,6.17,47.69,0,0,0,0
529,0,0,0,7.07,74.17,0,0,0,0
530,0,0,0,2.58,29.48,0,0,0,0
531,0,0,0,2.16,12.84,0,0,0,0
532,0,0,0,2.25,11.9,0,0,0,0
533,0,0,0,2.41,10.91,0,0,0,0
534,0,0,0,2.59,9.93,0,0,0,0
535,0,0,0,2.79,8.95,0,0,0,0
536,0,0,0,3.05,7.98,0,0,0,0
537,0,0,0,3.37,7.03,0,0,0,0
538,0,0,0,3.77,6.12,0,0,0,0
539,0,0,0,4.25,5.24,0,0,0,0
540,0,0,0,4.81,4.41,0,0,0,0
541,0,0,0,5.46,3.65,0,0,0,0
542,0,0,0,6.18,2.96,0,0,0,0
543,0,0,0,6.97,2.34,0,0,0,0
544,0,0,0,7.81,1.8,0,0,0,0
545,0,0,0,8.69,1.34,0,0,0,0
546,0,0,0,9.61,0.94,0,0,0,0
547,0,0,0,10.56,0.61,0,0,0,0
548,0,0,0,11.52,0.34,0,0,0,0
549,0,0,0,12.49,0.11,0,0,0,0
550,0,0,0,13.48,-0.06,0,0,0,0
551,0,0,0,13.84,-0.12,0,0,0,0
552,0,0,0,46.5,-1.59,0,0,0,0
553,0,0,0,47.49,-1.47,0,0,0,0
554,0,0,0,48.46,-1.19,0,0,0,0
555,0,0,0,49.37,-0.78,0,0,0,0
556,0,0,0,50.2,-0.22,0,0,0,0
557,0,0,0,50.92,0.47,0,0,0,0
558,0,0,0,51.49,1.29,0,0,0,0
559,0,0,0,51.92,2.19,0,0,0,0
560,0,0,0,52.21,3.15,0,0,0,0
561,0,0,0,52.37,4.14,0,0,0,0
562,0,0,0,52.41,4.45,0,0,0,0
563,0,0,0,52.64,16.44,0,0,0,0
564,0,0,0,52.53,17.43,0,0,0,0
565,0,0,0,52.27,18.4,0,0,0,0
566,0,0,0,51.86,19.31,0,0,0,0
567,0,0,0,51.35,20.17,0,0,0,0
568,0,0,0,50.74,20.96,0,0,0,0
569,0,0,0,50.07,21.7,0,0,0,0
570,0,0,0,49.33,22.38,0,0,0,0
571,0,0,0,48.55,23,0,0,0,0
572,0,0,0,47.72,23.57,0,0,0,0
573,0,0,0,46.86,24.07,0,0,0,0
574,0,0,0,46.15,24.4,0,0,0,0
575,0,0,0,26.08,25.5,0,0,0,0
576,0,0,0,25.08,25.56,0,0,0,0
577,0,0,0,24.09,25.63,0,0,0,0
578,0,0,0,23.09,25.73,0,0,0,0
579,0,0,0,22.1,25.85,0,0,0,0
580,0,0,0,21.11,25.98,0,0,0,0
581,0,0,0,20.12,26.12,0,0,0,0
582,0,0,0,19.13,26.28,0,0,0,0
583,0,0,0,18.14,26.45,0,0,0,0
584,0,0,0,17.16,26.62,0,0,0,0
585,0,0,0,16.18,26.81,0,0,0,0
586,0,0,0,15.2,27,0,0,0,0
587,0,0,0,14.22,27.2,0,0,0,0
588,0,0,0,13.24,27.41,0,0,0,0
589,0,0,0,12.26,27.63,0,0,0,0
590,0,0,0,11.29,27.85,0,0,0,0
591,0,0,0,10.31,28.07,0,0,0,0
592,0,0,0,9.34,28.3,0,0,0,0
593,0,0,0,8.37,28.54,0,0,0,0
594,0,0,0,7.4,28.79,0,0,0,0
595,0,0,0,6.64,28.98,0,0,0,0
596,0,0,0,211.84,-35.51,0,0,0,0
597,0,0,0,211.84,-35.51,0,0,0,0
598,0,0,0,25.84,-0.4,0,0,0,0
599,0,0,0,25.84,-0.4,0,0,0,0
600,0,0,0,57.95,26.26,0,0,0,0
601,0,0,0,57.06,4.03,0,0,0,0
602,0,0,0,56.9,3.05,0,0,0,0
603,0,0,0,56.65,2.08,0,0,0,0
604,0,0,0,56.33,1.13,0,0,0,0
605,0,0,0,55.92,0.22,0,0,0,0
606,0,0,0,55.44,-0.66,0,0,0,0
607,0,0,0,54.89,-1.49,0,0,0,0
608,0,0,0,54.27,-2.28,0,0,0,0
609,0,0,0,53.59,-3.01,0,0,0,0
610,0,0,0,52.84,-3.67,0,0,0,0
611,0,0,0,52.04,-4.27,0,0,0,0
612,0,0,0,51.18,-4.78,0,0,0,0
613,0,0,0,50.27,-5.2,0,0,0,0
614,0,0,0,49.32,-5.52,0,0,0,0
615,0,0,0,48.35,-5.74,0,0,0,0
616,0,0,0,47.35,-5.84,0,0,0,0
617,0,0,0,46.35,-5.83,0,0,0,0
618,0,0,0,45.53,-5.74,0,0,0,0
619,0,0,0,-38.06,-1.42,0,0,0,0
620,0,0,0,-39.06,-1.36,0,0,0,0
621,0,0,0,-40.05,-1.25,0,0,0,0
622,0,0,0,-41.04,-1.11,0,0,0,0
623,0,0,0,-42.03,-0.93,0,0,0,0
624,0,0,0,-43,-0.71,0,0,0,0
625,0,0,0,-43.96,-0.42,0,0,0,0
626,0,0,0,-44.9,-0.08,0,0,0,0
627,0,0,0,-45.81,0.33,0,0,0,0
628,0,0,0,-46.69,0.8,0,0,0,0
629,0,0,0,-47.54,1.34,0,0,0,0
630,0,0,0,-48.33,1.95,0,0,0,0
631,0,0,0,-49.08,2.61,0,0,0,0
632,0,0,0,-49.77,3.33,0,0,0,0
633,0,0,0,-50.41,4.11,0,0,0,0
634,0,0,0,-50.98,4.93,0,0,0,0
635,0,0,0,-51.48,5.79,0,0,0,0
636,0,0,0,-51.92,6.69,0,0,0,0
637,0,0,0,-52.29,7.62,0,0,0,0
638,0,0,0,-52.6,8.57,0,0,0,0
639,0,0,0,-52.84,9.54,0,0,0,0
640,0,0,0,-53.01,10.53,0,0,0,0
641,0,0,0,-53.11,11.52,0,0,0,0
642,0,0,0,-53.13,12.52,0,0,0,0
643,0,0,0,-53.08,13.52,0,0,0,0
644,0,0,0,-52.95,14.51,0,0,0,0
645,0,0,0,-52.74,15.41,0,0,0,0
646,0,0,0,-4.52,8.47,0,0,0,0
647,0,0,0,-4.6,7.48,0,0,0,0
648,0,0,0,-4.74,6.49,0,0,0,0
649,0,0,0,-5,5.53,0,0,0,0
650,0,0,0,-5.38,4.6,0,0,0,0
651,0,0,0,-5.89,3.74,0,0,0,0
652,0,0,0,-6.54,2.98,0,0,0,0
653,0,0,0,-7.3,2.34,0,0,0,0
654,0,0,0,-8.16,1.81,0,0,0,0
655,0,0,0,-9.08,1.43,0,0,0,0
656,0,0,0,-10.04,1.16,0,0,0,0
657,0,0,0,-11.03,1,0,0,0,0
658,0,0,0,-12.03,0.94,0,0,0,0
659,0,0,0,-13.03,0.96,0,0,0,0
660,0,0,0,-13.74,1.02,0,0,0,0
661,0,0,0,-36.35,1.83,0,0,0,0
662,0,0,0,-37.33,2,0,0,0,0
663,0,0,0,-38.3,2.25,0,0,0,0
664,0,0,0,-39.24,2.6,0,0,0,0
665,0,0,0,-40.14,3.03,0,0,0,0
666,0,0,0,-41,3.55,0,0,0,0
667,0,0,0,-41.8,4.15,0,0,0,0
668,0,0,0,-42.54,4.82,0,0,0,0
669,0,0,0,-43.22,5.55,0,0,0,0
670,0,0,0,-43.84,6.34,0,0,0,0
671,0,0,0,-44.39,7.17,0,0,0,0
672,0,0,0,-44.87,8.05,0,0,0,0
673,0,0,0,-45.29,8.96,0,0,0,0
674,0,0,0,-45.63,9.9,0,0,0,0
675,0,0,0,-45.9,10.86,0,0,0,0
676,0,0,0,-46.08,11.84,0,0,0,0
677,0,0,0,-46.16,12.84,0,0,0,0
678,0,0,0,-46.14,13.84,0,0,0,0
679,0,0,0,-45.98,14.83,0,0,0,0
680,0,0,0,-45.63,15.76,0,0,0,0
681,0,0,0,-45.55,15.93,0,0,0,0
682,0,0,0,-21.79,78.37,0,0,0,0
683,0,0,0,-21.28,79.2,0,0,0,0
684,0,0,0,-21.05,79.7,0,0,0,0
685,0,0,0,-20.29,80.35,0,0,0,0
686,0,0,0,-19.35,80.69,0,0,0,0
687,0,0,0,-18.35,80.81,0,0,0,0
688,0,0,0,-17.35,80.81,0,0,0,0
689,0,0,0,-16.78,80.79,0,0,0,0
690,0,0,0,-4.65,80.3,0,0,0,0
691,0,0,0,-3.65,80.32,0,0,0,0
692,0,0,0,-2.69,80.06,0,0,0,0
693,0,0,0,-1.87,79.49,0,0,0,0
694,0,0,0,-1.25,78.7,0,0,0,0
695,0,0,0,-0.88,77.77,0,0,0,0
696,0,0,0,-0.71,76.79,0,0,0,0
697,0,0,0,-0.69,75.79,0,0,0,0
698,0,0,0,-0.7,75.41,0,0,0,0
699,0,0,0,-3.42,24.09,0,0,0,0
700,0,0,0,-4.52,8.47,0,0,0,0
701,0,0,0,18.32,80.32,0,0,0,0
702,0,0,0,17.33,80.44,0,0,0,0
703,0,0,0,16.33,80.49,0,0,0,0
704,0,0,0,15.33,80.44,0,0,0,0
705,0,0,0,14.34,80.31,0,0,0,0
706,0,0,0,13.36,80.08,0,0,0,0
707,0,0,0,12.42,79.75,0,0,0,0
708,0,0,0,11.52,79.32,0,0,0,0
709,0,0,0,10.67,78.78,0,0,0,0
710,0,0,0,9.9,78.14,0,0,0,0
711,0,0,0,9.22,77.41,0,0,0,0
712,0,0,0,8.64,76.6,0,0,0,0
713,0,0,0,8.16,75.72,0,0,0,0
714,0,0,0,7.79,74.79,0,0,0,0
715,0,0,0,7.52,73.83,0,0,0,0
716,0,0,0,7.35,72.84,0,0,0,0
717,0,0,0,7.33,72.76,0,0,0,0
718,0,0,0,6.53,46.07,0,0,0,0
719,0,0,0,6.63,45.08,0,0,0,0
720,0,0,0,6.83,44.1,0,0,0,0
721,0,0,0,7.12,43.14,0,0,0,0
722,0,0,0,7.5,42.21,0,0,0,0
723,0,0,0,7.96,41.33,0,0,0,0
724,0,0,0,8.49,40.48,0,0,0,0
725,0,0,0,9.09,39.68,0,0,0,0
726,0,0,0,9.74,38.92,0,0,0,0
727,0,0,0,10.44,38.21,0,0,0,0
728,0,0,0,11.19,37.54,0,0,0,0
729,0,0,0,11.96,36.91,0,0,0,0
730,0,0,0,12.78,36.33,0,0,0,0
731,0,0,0,13.61,35.78,0,0,0,0
732,0,0,0,14.47,35.27,0,0,0,0
733,0,0,0,15.36,34.8,0,0,0,0
734,0,0,0,16.26,34.36,0,0,0,0
735,0,0,0,17.17,33.96,0,0,0,0
736,0,0,0,18.1,33.59,0,0,0,0
737,0,0,0,19.04,33.24,0,0,0,0
738,0,0,0,19.98,32.92,0,0,0,0
739,0,0,0,20.94,32.64,0,0,0,0
740,0,0,0,21.91,32.37,0,0,0,0
741,0,0,0,22.88,32.14,0,0,0,0
742,0,0,0,23.86,31.93,0,0,0,0
743,0,0,0,24.84,31.74,0,0,0,0
744,0,0,0,25.83,31.58,0,0,0,0
745,0,0,0,26.82,31.43,0,0,0,0
746,0,0,0,27.81,31.31,0,0,0,0
747,0,0,0,28.8,31.22,0,0,0,0
748,0,0,0,29.47,31.16,0,0,0,0
749,0,0,0,45.55,30.4,0,0,0,0
750,0,0,0,46.55,30.39,0,0,0,0
751,0,0,0,47.54,30.45,0,0,0,0
752,0,0,0,48.54,30.59,0,0,0,0
753,0,0,0,49.51,30.82,0,0,0,0
754,0,0,0,50.44,31.19,0,0,0,0
755,0,0,0,51.3,31.69,0,0,0,0
756,0,0,0,52.05,32.35,0,0,0,0
757,0,0,0,52.65,33.15,0,0,0,0
758,0,0,0,53.07,34.06,0,0,0,0
759,0,0,0,53.33,35.02,0,0,0,0
760,0,0,0,53.44,36.02,0,0,0,0
761,0,0,0,53.46,36.67,0,0,0,0
762,0,0,0,6.47,28.62,0,0,0,0
763,0,0,0,7.45,28.41,0,0,0,0
764,0,0,0,8.43,28.19,0,0,0,0
765,0,0,0,9.4,27.97,0,0,0,0
766,0,0,0,10.38,27.76,0,0,0,0
767,0,0,0,11.36,27.54,0,0,0,0
768,0,0,0,12.33,27.33,0,0,0,0
769,0,0,0,13.31,27.12,0,0,0,0
770,0,0,0,14.29,26.92,0,0,0,0
771,0,0,0,15.27,26.71,0,0,0,0
772,0,0,0,16.25,26.52,0,0,0,0
773,0,0,0,17.23,26.32,0,0,0,0
774,0,0,0,18.21,26.13,0,0,0,0
775,0,0,0,19.19,25.95,0,0,0,0
776,0,0,0,20.18,25.77,0,0,0,0
777,0,0,0,21.16,25.6,0,0,0,0
778,0,0,0,22.15,25.43,0,0,0,0
779,0,0,0,23.14,25.28,0,0,0,0
780,0,0,0,24.13,25.13,0,0,0,0
781,0,0,0,25.12,25,0,0,0,0
782,0,0,0,26.11,24.88,0,0,0,0
783,0,0,0,27.11,24.77,0,0,0,0
784,0,0,0,27.25,24.76,0,0,0,0
785,0,0,0,36.93,24.43,0,0,0,0
786,0,0,0,46.57,23.81,0,0,0,0
787,0,0,0,47.37,23.21,0,0,0,0
788,0,0,0,48.16,22.59,0,0,0,0
789,0,0,0,48.92,21.94,0,0,0,0
790,0,0,0,49.65,21.26,0,0,0,0
791,0,0,0,50.33,20.53,0,0,0,0
792,0,0,0,50.94,19.74,0,0,0,0
793,0,0,0,51.47,18.89,0,0,0,0
794,0,0,0,51.86,17.97,0,0,0,0
795,0,0,0,52.09,16.99,0,0,0,0
796,0,0,0,52.11,16.84,0,0,0,0
797,0,0,0,51.79,3.25,0,0,0,0
798,0,0,0,51.47,2.3,0,0,0,0
799,0,0,0,50.99,1.43,0,0,0,0
800,0,0,0,50.38,0.64,0,0,0,0
801,0,0,0,49.64,-0.04,0,0,0,0
802,0,0,0,48.81,-0.59,0,0,0,0
803,0,0,0,47.89,-1,0,0,0,0
804,0,0,0,47.2,-1.2,0,0,0,0
805,0,0,0,14.4,0.34,0,0,0,0
806,0,0,0,13.41,0.39,0,0,0,0
807,0,0,0,12.41,0.49,0,0,0,0
808,0,0,0,11.43,0.66,0,0,0,0
809,0,0,0,10.46,0.89,0,0,0,0
810,0,0,0,9.51,1.19,0,0,0,0
811,0,0,0,8.59,1.58,0,0,0,0
812,0,0,0,7.71,2.05,0,0,0,0
813,0,0,0,6.9,2.62,0,0,0,0
814,0,0,0,6.15,3.28,0,0,0,0
815,0,0,0,5.48,4.01,0,0,0,0
816,0,0,0,4.89,4.81,0,0,0,0
817,0,0,0,4.38,5.66,0,0,0,0
818,0,0,0,3.96,6.56,0,0,0,0
819,0,0,0,3.61,7.49,0,0,0,0
820,0,0,0,3.33,8.44,0,0,0,0
821,0,0,0,3.1,9.4,0,0,0,0
822,0,0,0,2.92,10.38,0,0,0,0
823,0,0,0,2.77,11.36,0,0,0,0
824,0,0,0,2.64,12.34,0,0,0,0
825,0,0,0,2.49,13.32,0,0,0,0
826,0,0,0,2.48,13.38,0,0,0,0
827,0,0,0,2.95,29.16,0,0,0,0
828,0,0,0,18.84,86.79,0,0,0,0
829,0,0,0,-22.18,87.12,0,0,0,0
830,0,0,-0.05,-23.18,87.1,0,0,0,0
831,0,0,-0.1,-24.15,86.89,0,0,0,0
832,0,0,-0.16,-25.06,86.48,0,0,0,0
833,0,0,-0.23,-25.88,85.91,0,0,0,0
834,0,0,-0.29,-26.62,85.24,0,0,0,0
835,0,0,-0.35,-27.26,84.47,0,0,0,0
836,0,0,-0.4,-27.84,83.66,0,0,0,0
837,0,0,-0.46,-28.33,82.79,0,0,0,0
838,0,0,-0.5,-28.78,81.89,0,0,0,0
839,0,0,-0.55,-29.16,80.97,0,0,0,0
840,0,0,-0.56,-29.24,80.76,0,0,0,0
841,0,0,0,-52.98,16.26,0,0,0,0
842,0,0,0,58.99,47.25,0,0,0,0
843,0,0,0,57.38,3.74,0,0,0,0
844,0,0,0,57.12,2.77,0,0,0,0
845,0,0,0,56.81,1.82,0,0,0,0
846,0,0,0,56.44,0.89,0,0,0,0
847,0,0,0,56.02,-0.02,0,0,0,0
848,0,0,0,55.55,-0.9,0,0,0,0
849,0,0,0,55,-1.74,0,0,0,0
850,0,0,0,54.4,-2.53,0,0,0,0
851,0,0,0,53.73,-3.28,0,0,0,0
852,0,0,0,52.99,-3.95,0,0,0,0
853,0,0,0,52.19,-4.54,0,0,0,0
854,0,0,0,51.33,-5.05,0,0,0,0
855,0,0,0,50.41,-5.46,0,0,0,0
856,0,0,0,49.46,-5.77,0,0,0,0
857,0,0,0,48.48,-5.98,0,0,0,0
858,0,0,0,47.49,-6.1,0,0,0,0
859,0,0,0,46.49,-6.12,0,0,0,0
860,0,0,0,45.52,-6.07,0,0,0,0
861,0,0,0,-38.14,-1.65,0,0,0,0
862,0,0,0,-39.14,-1.6,0,0,0,0
863,0,0,0,-40.13,-1.51,0,0,0,0
864,0,0,0,-41.12,-1.37,0,0,0,0
865,0,0,0,-42.1,-1.18,0,0,0,0
866,0,0,0,-43.07,-0.93,0,0,0,0
867,0,0,0,-44.03,-0.64,0,0,0,0
868,0,0,0,-44.96,-0.28,0,0,0,0
869,0,0,0,-45.88,0.13,0,0,0,0
870,0,0,0,-46.76,0.59,0,0,0,0
871,0,0,0,-47.66,1.04,0,0,0,0
872,0,0,0,-48.49,1.59,0,0,0,0
873,0,0,0,-49.26,2.23,0,0,0,0
874,0,0,0,-49.96,2.94,0,0,0,0
875,0,0,0,-50.6,3.7,0,0,0,0
876,0,0,0,-51.19,4.52,0,0,0,0
877,0,0,0,-51.71,5.37,0,0,0,0
878,0,0,0,-52.18,6.25,0,0,0,0
879,0,0,0,-52.59,7.16,0,0,0,0
880,0,0,0,-52.94,8.1,0,0,0,0
881,0,0,0,-53.24,9.06,0,0,0,0
882,0,0,0,-53.47,10.03,0,0,0,0
883,0,0,0,-53.63,11.02,0,0,0,0
884,0,0,0,-53.71,12.01,0,0,0,0
885,0,0,0,-53.72,13.01,0,0,0,0
886,0,0,0,-53.63,14.01,0,0,0,0
887,0,0,0,-53.46,14.99,0,0,0,0
888,0,0,0,-53.18,15.95,0,0,0,0
889,0,0,0,-53.04,16.32,0,0,0,0
890,0,0,0,-30.19,76.25,0,0,0,0
891,0,0,0,-23.87,73.88,0,0,0,0
892,0,0,0,-23.62,74.58,0,0,0,0
893,0,0,0,-29.89,77.12,0,0,0,0
894,0,0,0,-30.19,76.25,0,0,0,0
895,0,0,0,6.65,62.52,0,0,0,0
896,0,0,0,6.68,61.62,0,0,0,0
897,0,0,0,-0.87,61.98,0,0,0,0
898,0,0,0,-0.89,62.85,0,0,0,0
899,0,0,0,6.65,62.52,0,0,0,0
900,0,0,0,-3.53,17.09,0,0,0,0
901,0,0,0,2.31,16.69,0,0,0,0
902,0,0,0,2.19,17.34,0,0,0,0
903,0,0,0,-3.39,17.69,0,0,0,0
904,0,0,0,-3.53,17.09,0,0,0,0
905,0,0,0,-36.39,-1.59,0,0,0,0
906,0,0,0,-35.85,-1.6,0,0,0,0
907,0,0,0,-35.45,1.56,0,0,0,0
908,0,0,0,-36.04,1.55,0,0,0,0
909,0,0,0,-36.39,-1.59,0,0,0,0
910,0,0,0,-42.94,23.69,0,0,0,0
911,0,0,0,-42.66,24.47,0,0,0,0
912,0,0,0,-48.55,26.73,0,0,0,0
913,0,0,0,-48.82,25.93,0,0,0,0
914,0,0,0,-42.94,23.69,0,0,0,0
