ID,LID,LinkID
1,235,0
2,236,0
3,237,0
4,238,0
5,239,0
6,240,0
7,241,0
8,242,0
9,243,0
10,244,0
11,245,0
12,246,0
13,247,0
14,248,0
15,249,0
16,250,0
17,251,0
18,252,0
19,253,0
20,254,0
21,255,0
22,256,0
23,257,0
24,258,0
25,259,0
26,260,0
27,261,0
28,262,0
29,263,0
30,264,0
31,265,0
32,266,0
33,267,0
34,268,0
35,269,0
36,270,0
37,271,0
38,272,0
39,273,0
40,274,0
41,275,0
42,276,0
43,277,0
44,278,0
45,279,0
46,280,0
47,281,0
48,282,0
49,283,0
50,284,0
51,285,0
52,286,0
53,287,0
54,288,0
55,289,0
56,290,0
57,291,0
58,292,0
59,293,0
60,294,0
61,295,0
62,296,0
63,297,0
64,298,0
65,299,0
66,300,0
67,301,0
68,302,0
69,303,0
70,304,0
71,305,0
72,306,0
73,307,0
74,308,0
75,309,0
76,310,0
77,311,0
78,312,0
79,313,0
80,314,0
81,315,0
82,316,0
83,317,0
84,318,0
85,319,0
86,320,0
87,321,0
88,322,0
89,323,0
90,324,0
91,325,0
92,326,0
93,327,0
94,328,0
95,329,0
96,330,0
97,331,0
98,332,0
99,333,0
100,334,0
101,335,0
102,336,0
103,337,0
104,338,0
105,339,0
106,340,0
107,341,0
108,342,0
109,343,0
110,344,0
111,345,0
112,346,0
113,347,0
114,348,0
115,349,0
116,350,0
117,351,0
118,352,0
119,353,0
120,354,0
121,355,0
122,356,0
123,357,0
124,358,0
125,359,0
126,360,0
127,361,0
128,362,0
129,363,0
130,364,0
131,365,0
132,366,0
133,367,0
134,368,0
135,369,0
136,370,0
137,371,0
138,372,0
139,373,0
140,374,0
141,375,0
142,376,0
143,377,0
144,378,0
145,379,0
146,380,0
147,381,0
148,382,0
149,383,0
150,384,0
151,385,0
152,386,0
153,387,0
154,388,0
155,389,0
156,390,0
157,391,0
158,392,0
159,393,0
160,394,0
161,395,0
162,396,0
163,397,0
164,398,0
165,399,0
166,400,0
167,401,0
168,402,0
169,403,0
170,404,0
171,405,0
172,406,0
173,407,0
174,408,0
175,409,0
176,410,0
177,411,0
178,412,0
179,413,0
180,414,0
181,415,0
182,416,0
183,417,0
184,418,0
185,419,0
186,420,0
187,421,0
188,422,0
189,423,0
190,424,0
191,425,0
192,426,0
193,427,0
194,428,0
195,429,0
196,430,0
197,431,0
198,432,0
199,433,0
200,434,0
201,435,0
202,436,0
203,437,0
204,438,0
205,439,0
206,440,0
207,441,0
208,442,0
209,443,0
210,444,0
211,445,0
212,446,0
213,447,0
214,448,0
215,449,0
216,450,0
217,451,0
218,452,0
219,453,0
220,454,0
221,455,0
222,456,0
223,457,0
224,458,0
225,459,0
226,460,0
227,461,0
228,462,0
229,463,0
230,464,0
231,465,0
232,466,0
233,467,0
234,468,0
235,469,0
236,470,0
237,471,0
238,472,0
239,473,0
